Timestamp,Vous √™tes..,Quel √¢ge avez-vous ?,Vous √™tes,Combien de temps passez-vous √† regarder des vid√©os sur Internet ?,D√©pensez-vous de l'argent pour soutenir vos vid√©astes pr√©f√©r√©s ? (sous forme de donations),"Si oui, quelle(s) plateforme(s) avez-vous d√©j√† utilis√© ?","Si non, pourquoi ?",Pensez-vous que la publicit√© est une bonne alternative aux donations ou aux abonnements pour r√©mun√©rer les cr√©ateurs de contenu ?,Sur une √©chelle de 1 √† 10 comment vous sentez-vous proches de vos vid√©astes pr√©f√©r√©s ?,Seriez-vous pr√™ts √† financer r√©guli√®rement des vid√©astes que vous appr√©ciez s'ils d√©pendaient uniquement des donations ?,Combien d'argent pourriez-vous accorder au financement de vos vid√©astes pr√©f√©r√©s par mois ?,Je pr√©f√®re..,Avez-vous d√©j√† utilis√© une alternative libre et d√©centralis√©e √† celle(s) que vous utilisez d'habitude ?,"Si oui, quelle exp√©rience en avez vous tir√© ?",Pensez-vous que la cryptomonnaie a un r√¥le √† jouer dans le partage de vid√©o ?,"Pensez-vous qu'au cours des 3 derni√®res ann√©es, YouTube est rest√© la meilleure solution pour partager ses vid√©os ?","Si oui, pour quelle(s) raison(s) ?","Si non, pour quelle(s) raison(s) ?",Diriez-vous que la plateforme que vous utilisez met en place des outils qui r√©pondent parfaitement √† vos besoin ?
5/3/2018 14:50:24,Je ne souhaite pas le pr√©ciser,Entre 18 et 25 ans,"Principalement spectateur, vous suivez des vid√©astes et regardez leurs vid√©os","Tr√®s souvent, plus de 3 heures par jours",Jamais,,Je n'ai pas d'argent √† accorder aux donations,Oui,10,Peut-√™tre,Entre 1 et 5 ‚Ç¨,Je ne donne pas,Non,,"Oui, c'est un bon moyen pour r√©mun√©rer √† la fois le spectateur et le vid√©aste",Oui,Audience tr√®s large,"Mon√©tisation instable, Les annonceurs ont trop d'influence sur le contenu et la r√©mun√©ration, La plateforme n'est pas assez personnalisable",Peut √™tre
5/3/2018 15:05:24,Un homme,Entre 18 et 25 ans,"Principalement spectateur, vous suivez des vid√©astes et regardez leurs vid√©os","Souvent, 2 √† 5 heures par semaines",Jamais,,Je n'ai pas d'argent √† accorder aux donations,Non,5,Non,0‚Ç¨,Je ne donne pas,Peut-√™tre,"Mauvais exp√©rience, mauvaises performances et stabilit√©","Oui, c'est un bon moyen pour r√©mun√©rer √† la fois le spectateur et le vid√©aste",Oui,Audience tr√®s large,,Non
5/5/2018 11:23:07,Un homme,Entre 15 et 18 ans,"Principalement spectateur, vous suivez des vid√©astes et regardez leurs vid√©os","Souvent, 2 √† 5 heures par semaines",Occasionnellement,Twitch,,Oui,8,Oui,Entre 5 et 10 ‚Ç¨,Les donations r√©guli√®res (abonnements),Oui,"Bonne exp√©rience, performances et stabilit√©","Oui, c'est un bon moyen pour r√©mun√©rer √† la fois le spectateur et le vid√©aste",Non,,"Mon√©tisation instable, Les annonceurs ont trop d'influence sur le contenu et la r√©mun√©ration, La plateforme n'est pas assez personnalisable",Non
5/9/2018 12:30:13,Un homme,Entre 15 et 18 ans,"Vid√©aste amateur, vous cr√©ez et diffusez r√©guli√®rement des vid√©os","Tr√®s souvent, plus de 3 heures par jours",Jamais,,Je suis toujours mineur.,Non,8,Oui,Entre 10 et 25 ‚Ç¨,Les donations r√©guli√®res (abonnements),Non,,Je ne sais pas,Non,,Mon√©tisation instable,Non
5/9/2018 12:35:48,Un homme,Entre 18 et 25 ans,"Principalement spectateur, vous suivez des vid√©astes et regardez leurs vid√©os","Tr√®s souvent, plus de 3 heures par jours",Occasionnellement,"Twitch, Patreon",,Oui,8,Oui,Entre 1 et 5 ‚Ç¨,"Peu importe, je donne selon mes envies",Oui,,Je ne sais pas,Oui,Fonctionnalit√©s nombreuses,,Non
5/9/2018 12:41:25,Un homme,Entre 18 et 25 ans,"Principalement spectateur, vous suivez des vid√©astes et regardez leurs vid√©os","Tr√®s souvent, plus de 3 heures par jours",Jamais,aucune,Je n'ai pas d'argent √† accorder aux donations,Oui,6,Peut-√™tre,Entre 1 et 5 ‚Ç¨,"Peu importe, je donne selon mes envies",Non,,"Non, ces monnaies sont trop instables",Oui,"Audience tr√®s large, Fonctionnalit√©s nombreuses",,Oui
5/9/2018 12:43:48,Une femme,Entre 18 et 25 ans,"Principalement spectateur, vous suivez des vid√©astes et regardez leurs vid√©os","Souvent, 2 √† 5 heures par semaines",J'ai souscris √† un ou plusieurs abonnements pour les soutenirs,,Je donne pour d'autres projets,Oui,8,Peut-√™tre,Entre 1 et 5 ‚Ç¨,"Peu importe, je donne selon mes envies",Non,,Je ne sais pas,Oui,"Audience tr√®s large, Fonctionnalit√©s nombreuses",,Non
5/9/2018 12:53:26,Un homme,Entre 18 et 25 ans,"Principalement spectateur, vous suivez des vid√©astes et regardez leurs vid√©os","Souvent, 2 √† 5 heures par semaines",J'ai souscris √† un ou plusieurs abonnements pour les soutenirs,"Twitch, YouTube",Je n'ai pas d'argent √† accorder aux donations,Oui,5,Peut-√™tre,Entre 1 et 5 ‚Ç¨,Je ne donne pas,Non,,"Non, ces monnaies sont trop instables",Oui,Audience tr√®s large,,Oui
5/9/2018 13:34:22,Un homme,Entre 18 et 25 ans,"Principalement spectateur, vous suivez des vid√©astes et regardez leurs vid√©os","Souvent, 2 √† 5 heures par semaines",Jamais,,Je n'ai pas d'argent √† accorder aux donations,Non,2,Peut-√™tre,Entre 1 et 5 ‚Ç¨,"Peu importe, je donne selon mes envies",Non,,"Non, ces monnaies sont trop instables",Non,,"Mon√©tisation instable, Les annonceurs ont trop d'influence sur le contenu et la r√©mun√©ration",Non
5/9/2018 13:36:07,Un homme,Entre 18 et 25 ans,"Principalement spectateur, vous suivez des vid√©astes et regardez leurs vid√©os","Souvent, 2 √† 5 heures par semaines",Jamais,,"La publicit√© leur suffit, ils n'ont pas besoin de mon argent",Non,1,Non,0‚Ç¨,Je ne donne pas,Non,,Je ne sais pas,Oui,"Audience tr√®s large, Fonctionnalit√©s nombreuses",,Oui
5/9/2018 14:06:31,Un homme,Entre 15 et 18 ans,"Vid√©aste amateur, vous cr√©ez et diffusez r√©guli√®rement des vid√©os","Tr√®s souvent, plus de 3 heures par jours",Occasionnellement,Utip,,Oui,2,Non,0‚Ç¨,"Peu importe, je donne selon mes envies",Non,,"Non, ces monnaies sont trop instables",Non,,Compression trop importante dans le cadre d'une utilisation professionnelle.,Non
5/9/2018 16:21:59,Un homme,Entre 18 et 25 ans,"Principalement spectateur, vous suivez des vid√©astes et regardez leurs vid√©os","Tr√®s souvent, plus de 3 heures par jours",Jamais,,Je n'ai pas d'argent √† accorder aux donations,Non,7,Non,0‚Ç¨,Je ne donne pas,Peut-√™tre,,"non je ne le pense pas, c'est tout.",Oui,Fonctionnalit√©s nombreuses,,Oui
5/9/2018 16:34:02,Un homme,Entre 18 et 25 ans,"Principalement spectateur, vous suivez des vid√©astes et regardez leurs vid√©os","Tr√®s souvent, plus de 3 heures par jours",Jamais,,J'attends le m√©rtite,Oui,8,Peut-√™tre,Entre 5 et 10 ‚Ç¨,"Peu importe, je donne selon mes envies",Oui,"Bonne exp√©rience, performances et stabilit√©","Oui, c'est un bon moyen pour r√©mun√©rer √† la fois le spectateur et le vid√©aste",Oui,"Mod√®le √©conomique stable, Audience tr√®s large, Fonctionnalit√©s nombreuses",,Oui
5/9/2018 16:34:29,Un homme,Entre 15 et 18 ans,"Vid√©aste amateur, vous cr√©ez et diffusez r√©guli√®rement des vid√©os","Souvent, 2 √† 5 heures par semaines",J'ai souscris √† un ou plusieurs abonnements pour les soutenirs,Twitch,,Oui,8,Peut-√™tre,Entre 5 et 10 ‚Ç¨,"Peu importe, je donne selon mes envies",Non,,"Non, ces monnaies sont trop instables",Oui,"Audience tr√®s large, Fonctionnalit√©s nombreuses",,Oui
5/9/2018 18:45:37,Un homme,Entre 18 et 25 ans,"Vid√©aste professionnel, vous avez une exp√©rience professionnelle dans l'audiovisuel","Tr√®s souvent, plus de 3 heures par jours",Occasionnellement,"Tipeee, Twitch, Patreon, YouTube",,Oui,9,Oui,Plus de 50 ‚Ç¨,Les donations uniques,Non,,"Oui, c'est un bon moyen pour r√©mun√©rer √† la fois le spectateur et le vid√©aste",Oui,"Audience tr√®s large, Fonctionnalit√©s nombreuses","Mon√©tisation instable, Les annonceurs ont trop d'influence sur le contenu et la r√©mun√©ration",Oui
5/9/2018 19:28:42,Un homme,Entre 18 et 25 ans,"Principalement spectateur, vous suivez des vid√©astes et regardez leurs vid√©os","Occasionnellement, 1 √† 2 heures par semaines",Occasionnellement,Twitch,,Oui,8,Peut-√™tre,Entre 5 et 10 ‚Ç¨,Les donations uniques,Non,,Je ne sais pas,Non,,"Mon√©tisation instable, Les annonceurs ont trop d'influence sur le contenu et la r√©mun√©ration",Peut √™tre
5/9/2018 19:33:42,Un homme,Entre 25 et 35 ans,"Principalement spectateur, vous suivez des vid√©astes et regardez leurs vid√©os","Souvent, 2 √† 5 heures par semaines",J'ai souscris √† un ou plusieurs abonnements pour les soutenirs,"Twitch, YouTube","La publicit√© leur suffit, ils n'ont pas besoin de mon argent",Oui,7,Peut-√™tre,Entre 5 et 10 ‚Ç¨,"Peu importe, je donne selon mes envies",Non,,Je ne sais pas,Non,,"Mon√©tisation instable, Les annonceurs ont trop d'influence sur le contenu et la r√©mun√©ration",Oui
5/9/2018 19:53:41,Un homme,Entre 18 et 25 ans,"Principalement spectateur, vous suivez des vid√©astes et regardez leurs vid√©os","Tr√®s souvent, plus de 3 heures par jours",Occasionnellement,Twitch,,Oui,7,Non,Entre 5 et 10 ‚Ç¨,Les donations uniques,Oui,"Bonne exp√©rience, performances et stabilit√©","Non, ces monnaies sont trop instables",Non,,"Mon√©tisation instable, Les annonceurs ont trop d'influence sur le contenu et la r√©mun√©ration",Non
5/9/2018 20:30:34,Une femme,Entre 18 et 25 ans,"Principalement spectateur, vous suivez des vid√©astes et regardez leurs vid√©os","Tr√®s souvent, plus de 3 heures par jours",Occasionnellement,Patreon,Je n'ai pas d'argent √† accorder aux donations,Oui,7,Peut-√™tre,Entre 1 et 5 ‚Ç¨,Les donations r√©guli√®res (abonnements),Peut-√™tre,,"Oui, c'est un bon moyen pour r√©mun√©rer √† la fois le spectateur et le vid√©aste",Oui,"Audience tr√®s large, Fonctionnalit√©s nombreuses",Mon√©tisation instable,Peut √™tre
5/9/2018 22:53:16,Une femme,Entre 15 et 18 ans,"Principalement spectateur, vous suivez des vid√©astes et regardez leurs vid√©os","Rarement, 2 √† 5 heures par mois",Jamais,,Je n'ai pas d'argent √† accorder aux donations,Oui,3,Peut-√™tre,Entre 1 et 5 ‚Ç¨,"Peu importe, je donne selon mes envies",Non,,Je ne sais pas,Oui,Audience tr√®s large,,Oui
5/10/2018 0:24:02,Un homme,Entre 18 et 25 ans,"Principalement spectateur, vous suivez des vid√©astes et regardez leurs vid√©os","Tr√®s souvent, plus de 3 heures par jours",J'ai souscris √† un ou plusieurs abonnements pour les soutenirs,"Twitch, YouTube",,Oui,6,Oui,Entre 5 et 10 ‚Ç¨,Les donations r√©guli√®res (abonnements),Non,,"Non, ces monnaies sont trop instables",Non,,"Mon√©tisation instable, Les annonceurs ont trop d'influence sur le contenu et la r√©mun√©ration",Oui
5/10/2018 0:27:47,Un homme,Entre 18 et 25 ans,"Principalement spectateur, vous suivez des vid√©astes et regardez leurs vid√©os","Souvent, 2 √† 5 heures par semaines",Occasionnellement,Twitch,,Non,5,Peut-√™tre,Entre 5 et 10 ‚Ç¨,Les donations uniques,Non,,Je ne sais pas,Oui,"Audience tr√®s large, Fonctionnalit√©s nombreuses",,Oui
5/10/2018 0:36:37,Une femme,Entre 18 et 25 ans,"Principalement spectateur, vous suivez des vid√©astes et regardez leurs vid√©os","Souvent, 2 √† 5 heures par semaines",J'ai souscris √† un ou plusieurs abonnements pour les soutenirs,"Twitch, YouTube",,Oui,5,Oui,Plus de 50 ‚Ç¨,Les donations r√©guli√®res (abonnements),Oui,"Bonne exp√©rience, performances et stabilit√©","Oui, c'est un bon moyen pour r√©mun√©rer √† la fois le spectateur et le vid√©aste",Non,,je prefere twitch,Oui
5/10/2018 0:39:57,Un homme,Entre 18 et 25 ans,"Principalement spectateur, vous suivez des vid√©astes et regardez leurs vid√©os","Tr√®s souvent, plus de 3 heures par jours",J'ai souscris √† un ou plusieurs abonnements pour les soutenirs,Twitch,,Oui,7,Peut-√™tre,Entre 5 et 10 ‚Ç¨,Les donations r√©guli√®res (abonnements),Non,,Je ne sais pas,Non,,Les annonceurs ont trop d'influence sur le contenu et la r√©mun√©ration,Oui
5/10/2018 0:59:02,Un homme,Entre 18 et 25 ans,"Principalement spectateur, vous suivez des vid√©astes et regardez leurs vid√©os","Tr√®s souvent, plus de 3 heures par jours",J'ai souscris √† un ou plusieurs abonnements pour les soutenirs,"Tipeee, Twitch, YouTube",,Oui,10,Oui,Plus de 50 ‚Ç¨,Les donations uniques,Non,"Tr√®s bonne exp√©rience, performance, stabilit√© et des fonctionnalit√©s innovantes","Oui, c'est un bon moyen pour r√©mun√©rer √† la fois le spectateur et le vid√©aste",Oui,Mod√®le √©conomique stable,Les annonceurs ont trop d'influence sur le contenu et la r√©mun√©ration,Peut √™tre
5/10/2018 1:01:26,Un homme,Entre 15 et 18 ans,"Principalement spectateur, vous suivez des vid√©astes et regardez leurs vid√©os","Tr√®s souvent, plus de 3 heures par jours",Jamais,,PAS DE CB NIQUE SA MEREEE :/,Oui,8,Non,0‚Ç¨,Je ne donne pas,Non,,"Oui, c'est un bon moyen pour r√©mun√©rer √† la fois le spectateur et le vid√©aste",Oui,Audience tr√®s large,,Oui
5/10/2018 1:01:38,Un homme,Entre 18 et 25 ans,"Vid√©aste amateur, vous cr√©ez et diffusez r√©guli√®rement des vid√©os","Tr√®s souvent, plus de 3 heures par jours",Occasionnellement,"Twitch, YouTube",,Oui,6,Oui,Entre 5 et 10 ‚Ç¨,Les donations uniques,Non,,"Oui, c'est un bon moyen pour r√©mun√©rer √† la fois le spectateur et le vid√©aste",Oui,"Mod√®le √©conomique stable, Audience tr√®s large",,Non
5/10/2018 1:02:52,Une femme,Entre 25 et 35 ans,"Principalement spectateur, vous suivez des vid√©astes et regardez leurs vid√©os","Souvent, 2 √† 5 heures par semaines",Jamais,,Je n'ai pas d'argent √† accorder aux donations,Non,4,Oui,Entre 5 et 10 ‚Ç¨,Les donations r√©guli√®res (abonnements),Non,,Je ne sais pas,Oui,"Audience tr√®s large, Fonctionnalit√©s nombreuses",,Peut √™tre
5/10/2018 1:05:59,Un homme,Entre 18 et 25 ans,"Principalement spectateur, vous suivez des vid√©astes et regardez leurs vid√©os","Souvent, 2 √† 5 heures par semaines",Occasionnellement,"Tipeee, Twitch",,Oui,6,Oui,Entre 25 et 50 ‚Ç¨,"Peu importe, je donne selon mes envies",Non,,"Non, ces monnaies sont trop instables",Oui,"Audience tr√®s large, Fonctionnalit√©s nombreuses",,Oui
5/10/2018 1:20:40,Un homme,Entre 15 et 18 ans,"Principalement spectateur, vous suivez des vid√©astes et regardez leurs vid√©os","Souvent, 2 √† 5 heures par semaines",J'ai souscris √† un ou plusieurs abonnements pour les soutenirs,Twitch,,Oui,5,Peut-√™tre,Entre 1 et 5 ‚Ç¨,Les donations r√©guli√®res (abonnements),Non,,Je ne sais pas,Oui,"Audience tr√®s large, Fonctionnalit√©s nombreuses",,Oui
5/10/2018 2:14:57,Un homme,Entre 18 et 25 ans,"Principalement spectateur, vous suivez des vid√©astes et regardez leurs vid√©os","Tr√®s rarement, 1 √† 2 heures par mois, voire moins",Jamais,,"La publicit√© leur suffit, ils n'ont pas besoin de mon argent",Non,1,Peut-√™tre,Entre 1 et 5 ‚Ç¨,"Peu importe, je donne selon mes envies",Peut-√™tre,,"Non, ces monnaies sont trop instables",Oui,"Audience tr√®s large, Fonctionnalit√©s nombreuses",,Peut √™tre
5/10/2018 2:19:34,Un homme,Entre 18 et 25 ans,"Principalement spectateur, vous suivez des vid√©astes et regardez leurs vid√©os","Souvent, 2 √† 5 heures par semaines",Jamais,,"La publicit√© leur suffit, ils n'ont pas besoin de mon argent",Oui,1,Peut-√™tre,Entre 5 et 10 ‚Ç¨,Je ne donne pas,Non,,Je ne sais pas,Oui,"Mod√®le √©conomique stable, Audience tr√®s large, Fonctionnalit√©s nombreuses",,Oui
5/10/2018 2:45:25,Un homme,Entre 18 et 25 ans,"Principalement spectateur, vous suivez des vid√©astes et regardez leurs vid√©os","Souvent, 2 √† 5 heures par semaines",J'ai souscris √† un ou plusieurs abonnements pour les soutenirs,"Twitch, YouTube",,Oui,7,Oui,Entre 10 et 25 ‚Ç¨,Les donations r√©guli√®res (abonnements),Non,,"Oui, c'est un bon moyen pour r√©mun√©rer √† la fois le spectateur et le vid√©aste",Oui,Audience tr√®s large,,Oui
5/10/2018 3:22:20,Un homme,Entre 25 et 35 ans,"Principalement spectateur, vous suivez des vid√©astes et regardez leurs vid√©os","Souvent, 2 √† 5 heures par semaines",Jamais,,Je n'ai pas d'argent √† accorder aux donations,Non,1,Non,0‚Ç¨,Je ne donne pas,Non,,"Oui, c'est un bon moyen pour r√©mun√©rer √† la fois le spectateur et le vid√©aste",Oui,"Audience tr√®s large, Fonctionnalit√©s nombreuses",,Peut √™tre
5/10/2018 3:27:05,Un homme,Entre 18 et 25 ans,"Principalement spectateur, vous suivez des vid√©astes et regardez leurs vid√©os","Souvent, 2 √† 5 heures par semaines",Occasionnellement,"Tipeee, Twitch",,Oui,7,Non,Entre 5 et 10 ‚Ç¨,"Peu importe, je donne selon mes envies",Non,,"Oui, c'est un bon moyen pour r√©mun√©rer √† la fois le spectateur et le vid√©aste",Oui,"Mod√®le √©conomique stable, Audience tr√®s large, Fonctionnalit√©s nombreuses, Monopole de Google ainsi que la constante √©volution de la plateforme",,Non
5/10/2018 5:23:17,Un homme,Entre 18 et 25 ans,"Principalement spectateur, vous suivez des vid√©astes et regardez leurs vid√©os","Tr√®s souvent, plus de 3 heures par jours",J'ai souscris √† un ou plusieurs abonnements pour les soutenirs,"Twitch, YouTube",,Oui,7,Peut-√™tre,Entre 10 et 25 ‚Ç¨,"Peu importe, je donne selon mes envies",Non,,Je ne sais pas,Oui,Audience tr√®s large,,Oui
5/10/2018 8:42:17,Un homme,Entre 15 et 18 ans,"Principalement spectateur, vous suivez des vid√©astes et regardez leurs vid√©os","Tr√®s souvent, plus de 3 heures par jours",Jamais,,Je n'ai pas d'argent √† accorder aux donations,Oui,6,Peut-√™tre,0‚Ç¨,Je ne donne pas,Oui,"Tr√®s bonne exp√©rience, performance, stabilit√© et des fonctionnalit√©s innovantes","Non, ces monnaies sont trop instables",Non,,"Les annonceurs ont trop d'influence sur le contenu et la r√©mun√©ration, La plateforme n'est pas assez personnalisable",Oui
5/10/2018 8:43:58,Un homme,Entre 18 et 25 ans,"Principalement spectateur, vous suivez des vid√©astes et regardez leurs vid√©os","Tr√®s souvent, plus de 3 heures par jours",Occasionnellement,Twitch,,Oui,6,Peut-√™tre,Entre 1 et 5 ‚Ç¨,Les donations r√©guli√®res (abonnements),Peut-√™tre,,Je ne sais pas,Non,,La plateforme n'est pas assez personnalisable,Non
5/10/2018 9:55:38,Un homme,Entre 15 et 18 ans,"Principalement spectateur, vous suivez des vid√©astes et regardez leurs vid√©os","Tr√®s souvent, plus de 3 heures par jours",Occasionnellement,Achat de merch :),Je n'ai pas d'argent √† accorder aux donations,Oui,5,Peut-√™tre,Entre 10 et 25 ‚Ç¨,Je ne donne pas,Non,,Je ne sais pas,Oui,"Audience tr√®s large, Fonctionnalit√©s nombreuses",,Non
5/10/2018 10:30:44,Un homme,Entre 15 et 18 ans,"Principalement spectateur, vous suivez des vid√©astes et regardez leurs vid√©os","Souvent, 2 √† 5 heures par semaines",Occasionnellement,Twitch,,Oui,8,Peut-√™tre,Entre 1 et 5 ‚Ç¨,"Peu importe, je donne selon mes envies",Oui,"Bonne exp√©rience, performances et stabilit√©",Je ne sais pas,Non,,"Les annonceurs ont trop d'influence sur le contenu et la r√©mun√©ration, Pas assez d'√©galit√© entre les cr√©ateurs, tendances foireuses souvent...",Oui
5/10/2018 12:11:35,Un homme,Entre 18 et 25 ans,"Principalement spectateur, vous suivez des vid√©astes et regardez leurs vid√©os","Souvent, 2 √† 5 heures par semaines",Occasionnellement,"Tipeee, Twitch",,Oui,7,Peut-√™tre,Entre 5 et 10 ‚Ç¨,"Peu importe, je donne selon mes envies",Non,,Je ne sais pas,Oui,"Mod√®le √©conomique stable, Audience tr√®s large",,Peut √™tre
5/10/2018 13:05:11,Un homme,Entre 25 et 35 ans,"Vid√©aste amateur, vous cr√©ez et diffusez r√©guli√®rement des vid√©os","Souvent, 2 √† 5 heures par semaines",Occasionnellement,"Tipeee, Twitch",,Oui,6,Peut-√™tre,Entre 1 et 5 ‚Ç¨,"Peu importe, je donne selon mes envies",Non,,Je ne sais pas,Oui,Audience tr√®s large,,Non
5/10/2018 13:10:36,Un homme,Entre 15 et 18 ans,"Principalement spectateur, vous suivez des vid√©astes et regardez leurs vid√©os","Souvent, 2 √† 5 heures par semaines",Jamais,,Je n'ai pas d'argent √† accorder aux donations,Non,6,Oui,Entre 1 et 5 ‚Ç¨,"Peu importe, je donne selon mes envies",Oui,"Bonne exp√©rience, performances et stabilit√©",Je ne sais pas,Oui,Audience tr√®s large,,Peut √™tre
5/10/2018 13:54:59,Une femme,Entre 25 et 35 ans,"Principalement spectateur, vous suivez des vid√©astes et regardez leurs vid√©os","Occasionnellement, 1 √† 2 heures par semaines",Jamais,,Je n'ai pas d'argent √† accorder aux donations,Oui,5,Non,Entre 1 et 5 ‚Ç¨,Les donations r√©guli√®res (abonnements),Non,,"Oui, c'est un bon moyen pour r√©mun√©rer √† la fois le spectateur et le vid√©aste",Oui,"Mod√®le √©conomique stable, Audience tr√®s large",,Oui
5/10/2018 13:56:30,Un homme,Entre 25 et 35 ans,"Principalement spectateur, vous suivez des vid√©astes et regardez leurs vid√©os","Souvent, 2 √† 5 heures par semaines",Jamais,,"Je pourrais le faire un jour, mais je ne l'ai jamais fait.",Oui,3,Peut-√™tre,Entre 1 et 5 ‚Ç¨,"Peu importe, je donne selon mes envies",Peut-√™tre,"Dtube est dans ses premiers jours, il y a peu de contenu et difficil d'uploader des vid√©os.","Oui, c'est un bon moyen pour r√©mun√©rer √† la fois le spectateur et le vid√©aste",Oui,"Facil et rapide √† uploader, fiable.",,Peut √™tre
5/10/2018 13:59:21,Un homme,Entre 18 et 25 ans,"Principalement spectateur, vous suivez des vid√©astes et regardez leurs vid√©os","Souvent, 2 √† 5 heures par semaines",Jamais,,Je n'ai pas d'argent √† accorder aux donations,Oui,7,Peut-√™tre,Entre 1 et 5 ‚Ç¨,"Peu importe, je donne selon mes envies",Non,,Je ne sais pas,Oui,"Audience tr√®s large, Fonctionnalit√©s nombreuses",,Oui
5/10/2018 14:03:25,Un homme,Entre 18 et 25 ans,"Principalement spectateur, vous suivez des vid√©astes et regardez leurs vid√©os","Souvent, 2 √† 5 heures par semaines",Jamais,,Je n'ai pas d'argent √† accorder aux donations,Oui,7,Peut-√™tre,0‚Ç¨,Je ne donne pas,Non,,Je ne sais pas,Non,,"Mon√©tisation instable, Les annonceurs ont trop d'influence sur le contenu et la r√©mun√©ration",Peut √™tre
5/10/2018 14:19:33,Un homme,Entre 18 et 25 ans,"Principalement spectateur, vous suivez des vid√©astes et regardez leurs vid√©os","Souvent, 2 √† 5 heures par semaines",Jamais,,Je n'ai pas d'argent √† accorder aux donations,Oui,3,Peut-√™tre,Entre 5 et 10 ‚Ç¨,"Peu importe, je donne selon mes envies",Peut-√™tre,,Je ne sais pas,Oui,Audience tr√®s large,,Oui
5/10/2018 14:29:41,Un homme,Entre 18 et 25 ans,"Principalement spectateur, vous suivez des vid√©astes et regardez leurs vid√©os","Tr√®s souvent, plus de 3 heures par jours",Jamais,,Je n'ai pas d'argent √† accorder aux donations,Oui,7,Non,0‚Ç¨,Je ne donne pas,Non,,"Non, ces monnaies sont trop instables",Oui,Audience tr√®s large,,Oui
5/10/2018 14:36:17,Une femme,Entre 18 et 25 ans,"Principalement spectateur, vous suivez des vid√©astes et regardez leurs vid√©os","Occasionnellement, 1 √† 2 heures par semaines",Jamais,,J en ai aucune id√©e üòã,Oui,2,Non,0‚Ç¨,Les donations r√©guli√®res (abonnements),Non,,"Oui, c'est un bon moyen pour r√©mun√©rer √† la fois le spectateur et le vid√©aste",Non,"Mod√®le √©conomique stable, Audience tr√®s large, Fonctionnalit√©s nombreuses",La plateforme n'est pas assez personnalisable,Non
5/10/2018 15:01:09,Une femme,Entre 18 et 25 ans,"Vid√©aste amateur, vous cr√©ez et diffusez r√©guli√®rement des vid√©os","Souvent, 2 √† 5 heures par semaines",Occasionnellement,"Patreon, YouTube",,Non,5,Peut-√™tre,Entre 1 et 5 ‚Ç¨,"Peu importe, je donne selon mes envies",Oui,"Bonne exp√©rience, performances et stabilit√©","Non, ces monnaies sont trop instables",Oui,"Mod√®le √©conomique stable, Audience tr√®s large",,Peut √™tre
5/10/2018 15:03:09,Un homme,Entre 18 et 25 ans,"Principalement spectateur, vous suivez des vid√©astes et regardez leurs vid√©os","Tr√®s souvent, plus de 3 heures par jours",Jamais,,Je n'ai pas d'argent √† accorder aux donations,Oui,2,Oui,Entre 1 et 5 ‚Ç¨,"Peu importe, je donne selon mes envies",Oui,"Tr√®s bonne exp√©rience, performance, stabilit√© et des fonctionnalit√©s innovantes","Non, ces monnaies sont trop instables",Oui,Audience tr√®s large,,Peut √™tre
5/10/2018 15:03:20,Une femme,Entre 18 et 25 ans,"Principalement spectateur, vous suivez des vid√©astes et regardez leurs vid√©os","Souvent, 2 √† 5 heures par semaines",Occasionnellement,"Twitch, Patreon, YouTube",Je n'ai pas d'argent √† accorder aux donations,Non,10,Non,Entre 1 et 5 ‚Ç¨,"Peu importe, je donne selon mes envies",Non,,"Non, ces monnaies sont trop instables",Non,,"Mon√©tisation instable, Les annonceurs ont trop d'influence sur le contenu et la r√©mun√©ration",Peut √™tre
5/10/2018 15:05:16,Une femme,Entre 18 et 25 ans,"Principalement spectateur, vous suivez des vid√©astes et regardez leurs vid√©os","Tr√®s souvent, plus de 3 heures par jours",Jamais,,Je n'ai pas d'argent √† accorder aux donations,Oui,3,Non,Entre 1 et 5 ‚Ç¨,Je ne donne pas,Oui,"Bonne exp√©rience, performances et stabilit√©",Je ne sais pas,Oui,"Audience tr√®s large, Fonctionnalit√©s nombreuses",,Non
5/10/2018 15:05:39,Un homme,Entre 18 et 25 ans,"Principalement spectateur, vous suivez des vid√©astes et regardez leurs vid√©os","Souvent, 2 √† 5 heures par semaines",Occasionnellement,"Twitch, YouTube",,Oui,5,Peut-√™tre,Entre 5 et 10 ‚Ç¨,Les donations r√©guli√®res (abonnements),Non,,Je ne sais pas,Oui,Audience tr√®s large,,Non
5/10/2018 15:17:20,Un homme,Entre 18 et 25 ans,"Principalement spectateur, vous suivez des vid√©astes et regardez leurs vid√©os","Souvent, 2 √† 5 heures par semaines",Occasionnellement,Tipeee,,Oui,7,Oui,Entre 1 et 5 ‚Ç¨,"Peu importe, je donne selon mes envies",Non,,Je ne sais pas,Non,,Les annonceurs ont trop d'influence sur le contenu et la r√©mun√©ration,Non
5/10/2018 15:36:31,Un homme,Entre 18 et 25 ans,"Principalement spectateur, vous suivez des vid√©astes et regardez leurs vid√©os","Souvent, 2 √† 5 heures par semaines",J'ai souscris √† un ou plusieurs abonnements pour les soutenirs,"Tipeee, Twitch, YouTube",,Oui,3,Oui,Entre 5 et 10 ‚Ç¨,"Peu importe, je donne selon mes envies",Non,,"Oui, c'est un bon moyen pour r√©mun√©rer √† la fois le spectateur et le vid√©aste",Oui,"Mod√®le √©conomique stable, Audience tr√®s large, Fonctionnalit√©s nombreuses",Les annonceurs ont trop d'influence sur le contenu et la r√©mun√©ration,Oui
5/10/2018 15:42:57,Une femme,Entre 18 et 25 ans,"Principalement spectateur, vous suivez des vid√©astes et regardez leurs vid√©os","Souvent, 2 √† 5 heures par semaines",Jamais,,"La publicit√© leur suffit, ils n'ont pas besoin de mon argent",Oui,4,Peut-√™tre,Entre 5 et 10 ‚Ç¨,"Peu importe, je donne selon mes envies",Non,,Je ne sais pas,Oui,"Audience tr√®s large, Fonctionnalit√©s nombreuses",,Oui
5/10/2018 15:50:48,Un homme,Entre 18 et 25 ans,"Vid√©aste amateur, vous cr√©ez et diffusez r√©guli√®rement des vid√©os","Tr√®s souvent, plus de 3 heures par jours",R√©guli√®rement,Tipeee,,Non,3,Peut-√™tre,Entre 5 et 10 ‚Ç¨,Les donations uniques,Non,,"Oui, c'est un bon moyen pour r√©mun√©rer √† la fois le spectateur et le vid√©aste",Non,,"Mon√©tisation instable, Les annonceurs ont trop d'influence sur le contenu et la r√©mun√©ration",Peut √™tre
5/10/2018 18:16:55,Un homme,Entre 25 et 35 ans,"Principalement spectateur, vous suivez des vid√©astes et regardez leurs vid√©os","Tr√®s souvent, plus de 3 heures par jours",Occasionnellement,Twitch,,Oui,5,Peut-√™tre,Entre 1 et 5 ‚Ç¨,"Peu importe, je donne selon mes envies",Non,,"Non, ces monnaies sont trop instables",Non,,"Les annonceurs ont trop d'influence sur le contenu et la r√©mun√©ration, La plateforme n'est pas assez personnalisable",Peut √™tre
5/10/2018 18:45:34,Un homme,Entre 18 et 25 ans,"Principalement spectateur, vous suivez des vid√©astes et regardez leurs vid√©os","Tr√®s souvent, plus de 3 heures par jours",Jamais,,Je n'ai pas d'argent √† accorder aux donations,Oui,5,Oui,Entre 5 et 10 ‚Ç¨,"Peu importe, je donne selon mes envies",Non,,"Non, ces monnaies sont trop instables",Oui,Audience tr√®s large,,Oui
5/10/2018 20:00:17,Un homme,Entre 18 et 25 ans,"Principalement spectateur, vous suivez des vid√©astes et regardez leurs vid√©os","Souvent, 2 √† 5 heures par semaines",Occasionnellement,"Tipeee, YouTube",,Oui,7,Peut-√™tre,Entre 1 et 5 ‚Ç¨,"Peu importe, je donne selon mes envies",Non,,"Oui, c'est un bon moyen pour r√©mun√©rer √† la fois le spectateur et le vid√©aste",Oui,"Mod√®le √©conomique stable, Audience tr√®s large",,Peut √™tre
5/10/2018 21:14:02,Un homme,Entre 18 et 25 ans,"Principalement spectateur, vous suivez des vid√©astes et regardez leurs vid√©os","Tr√®s souvent, plus de 3 heures par jours",Jamais,,Je n'ai pas d'argent √† accorder aux donations,Non,8,Non,0‚Ç¨,Les donations uniques,Peut-√™tre,,Je ne sais pas,Oui,Audience tr√®s large,,Oui
5/10/2018 23:58:58,Je ne souhaite pas le pr√©ciser,Entre 25 et 35 ans,"Principalement spectateur, vous suivez des vid√©astes et regardez leurs vid√©os","Souvent, 2 √† 5 heures par semaines",Jamais,,Je n'ai pas d'argent √† accorder aux donations,Oui,5,Oui,Entre 1 et 5 ‚Ç¨,Les donations uniques,Peut-√™tre,"Mauvais exp√©rience, mauvaises performances et stabilit√©","Oui, c'est un bon moyen pour r√©mun√©rer √† la fois le spectateur et le vid√©aste",Oui,Audience tr√®s large,Les annonceurs ont trop d'influence sur le contenu et la r√©mun√©ration,Peut √™tre
5/11/2018 10:36:44,Un homme,Entre 25 et 35 ans,"Principalement spectateur, vous suivez des vid√©astes et regardez leurs vid√©os","Tr√®s souvent, plus de 3 heures par jours",J'ai souscris √† un ou plusieurs abonnements pour les soutenirs,"Tipeee, Twitch",,Non,7,Oui,Entre 10 et 25 ‚Ç¨,Les donations r√©guli√®res (abonnements),Oui,"Bonne exp√©rience, performances et stabilit√©","Non, ces monnaies sont trop instables",Oui,Audience tr√®s large,Les annonceurs ont trop d'influence sur le contenu et la r√©mun√©ration,Peut √™tre
5/11/2018 15:33:19,Un homme,Plus de 35 ans,"Principalement spectateur, vous suivez des vid√©astes et regardez leurs vid√©os","Souvent, 2 √† 5 heures par semaines",Jamais,,Je n'ai pas d'argent √† accorder aux donations,Oui,9,Peut-√™tre,Entre 1 et 5 ‚Ç¨,Les donations r√©guli√®res (abonnements),Non,,Je ne sais pas,Oui,Audience tr√®s large,"Mon√©tisation instable, Les annonceurs ont trop d'influence sur le contenu et la r√©mun√©ration",Non
5/12/2018 21:58:42,Un homme,Entre 18 et 25 ans,"Principalement spectateur, vous suivez des vid√©astes et regardez leurs vid√©os","Souvent, 2 √† 5 heures par semaines",Jamais,,Je n'ai pas d'argent √† accorder aux donations,Oui,3,Non,0‚Ç¨,Je ne donne pas,Non,,Je ne sais pas,Oui,Audience tr√®s large,,Peut √™tre
5/12/2018 22:05:08,Un homme,Entre 18 et 25 ans,"Principalement spectateur, vous suivez des vid√©astes et regardez leurs vid√©os","Tr√®s souvent, plus de 3 heures par jours",Jamais,,Je n'ai pas d'argent √† accorder aux donations,Non,4,Non,0‚Ç¨,Je ne donne pas,Non,,"Non, ces monnaies sont trop instables",Non,,Mon√©tisation instable,Oui
5/13/2018 3:34:50,Un homme,Entre 18 et 25 ans,"Vid√©aste amateur, vous cr√©ez et diffusez r√©guli√®rement des vid√©os","Tr√®s souvent, plus de 3 heures par jours",Jamais,,Je n'ai pas d'argent √† accorder aux donations,Oui,7,Non,0‚Ç¨,Je ne donne pas,Peut-√™tre,,Je ne sais pas,Oui,"Audience tr√®s large, Fonctionnalit√©s nombreuses",,Peut √™tre
5/13/2018 14:21:08,Un homme,Entre 18 et 25 ans,"Principalement spectateur, vous suivez des vid√©astes et regardez leurs vid√©os","Tr√®s souvent, plus de 3 heures par jours",Jamais,,Je n'ai pas d'argent √† accorder aux donations,Oui,3,Peut-√™tre,Entre 1 et 5 ‚Ç¨,"Peu importe, je donne selon mes envies",Non,,"Non, ces monnaies sont trop instables",Oui,Audience tr√®s large,,Peut √™tre
5/13/2018 14:22:03,Un homme,Entre 15 et 18 ans,"Principalement spectateur, vous suivez des vid√©astes et regardez leurs vid√©os","Souvent, 2 √† 5 heures par semaines",Jamais,,Je n'ai pas d'argent √† accorder aux donations,Oui,5,Oui,Entre 1 et 5 ‚Ç¨,Les donations r√©guli√®res (abonnements),Oui,"Bonne exp√©rience, performances et stabilit√©",Je ne sais pas,Oui,Audience tr√®s large,Mon√©tisation instable,Oui
5/13/2018 15:41:26,Un homme,Entre 18 et 25 ans,"Principalement spectateur, vous suivez des vid√©astes et regardez leurs vid√©os","Souvent, 2 √† 5 heures par semaines",Occasionnellement,"Twitch, YouTube",Je n'ai pas d'argent √† accorder aux donations,Oui,7,Non,Entre 25 et 50 ‚Ç¨,Les donations r√©guli√®res (abonnements),Oui,"Bonne exp√©rience, performances et stabilit√©","Oui, c'est un bon moyen pour r√©mun√©rer √† la fois le spectateur et le vid√©aste",Non,,"Mon√©tisation instable, Les annonceurs ont trop d'influence sur le contenu et la r√©mun√©ration",Oui
5/13/2018 19:12:06,Un homme,Entre 18 et 25 ans,"Principalement spectateur, vous suivez des vid√©astes et regardez leurs vid√©os","Souvent, 2 √† 5 heures par semaines",Occasionnellement,"Twitch, YouTube",,Oui,4,Peut-√™tre,Entre 5 et 10 ‚Ç¨,"Peu importe, je donne selon mes envies",Non,,Je ne sais pas,Non,,Les annonceurs ont trop d'influence sur le contenu et la r√©mun√©ration,Oui
5/16/2018 22:25:48,Un homme,Moins de 15 ans,"Principalement spectateur, vous suivez des vid√©astes et regardez leurs vid√©os","Tr√®s souvent, plus de 3 heures par jours",Jamais,,Je n'ai pas d'argent √† accorder aux donations,Oui,8,Non,0‚Ç¨,"Peu importe, je donne selon mes envies",Oui,"Bonne exp√©rience, performances et stabilit√©",Je ne sais pas,Oui,Audience tr√®s large,"Mon√©tisation instable, La plateforme n'est pas assez personnalisable",Peut √™tre
5/17/2018 0:09:31,Une femme,Entre 15 et 18 ans,"Principalement spectateur, vous suivez des vid√©astes et regardez leurs vid√©os","Souvent, 2 √† 5 heures par semaines",Jamais,,Je n'ai pas d'argent √† accorder aux donations,Oui,2,Non,0‚Ç¨,"Peu importe, je donne selon mes envies",Peut-√™tre,"Bonne exp√©rience, performances et stabilit√©",Je ne sais pas,Oui,Audience tr√®s large,"Les annonceurs ont trop d'influence sur le contenu et la r√©mun√©ration, La plateforme n'est pas assez personnalisable",Peut √™tre
5/17/2018 0:09:32,Une femme,Entre 15 et 18 ans,"Principalement spectateur, vous suivez des vid√©astes et regardez leurs vid√©os","Souvent, 2 √† 5 heures par semaines",Jamais,,Je n'ai pas d'argent √† accorder aux donations,Oui,2,Non,0‚Ç¨,Je ne donne pas,Peut-√™tre,Je ne sais pas ce que c'est.,Je ne sais pas,Oui,Audience tr√®s large,,Peut √™tre
5/18/2018 2:16:28,Un homme,Entre 18 et 25 ans,"Principalement spectateur, vous suivez des vid√©astes et regardez leurs vid√©os","Tr√®s souvent, plus de 3 heures par jours",Jamais,,Je n'ai pas d'argent √† accorder aux donations,Oui,10,Oui,Entre 5 et 10 ‚Ç¨,"Peu importe, je donne selon mes envies",Non,,Je ne sais pas,Non,,"Mon√©tisation instable, Les annonceurs ont trop d'influence sur le contenu et la r√©mun√©ration, La plateforme n'est pas assez personnalisable",Non
5/21/2018 2:00:19,Une femme,Entre 18 et 25 ans,"Principalement spectateur, vous suivez des vid√©astes et regardez leurs vid√©os","Tr√®s souvent, plus de 3 heures par jours",Jamais,"Twitch, YouTube","La publicit√© leur suffit, ils n'ont pas besoin de mon argent",Oui,7,Oui,Entre 1 et 5 ‚Ç¨,"Peu importe, je donne selon mes envies",Peut-√™tre,"Bonne exp√©rience, performances et stabilit√©","Oui, c'est un bon moyen pour r√©mun√©rer √† la fois le spectateur et le vid√©aste",Oui,"Mod√®le √©conomique stable, Audience tr√®s large",,Non
5/24/2018 10:07:49,Un homme,Entre 18 et 25 ans,"Principalement spectateur, vous suivez des vid√©astes et regardez leurs vid√©os","Tr√®s souvent, plus de 3 heures par jours",Occasionnellement,Twitch,,Non,6,Oui,Entre 1 et 5 ‚Ç¨,"Peu importe, je donne selon mes envies",Non,,Je vois la crypto plus comme un support technique pour les plateformes du futur plut√¥t qu'un support financier,Non,,"Mon√©tisation instable, Les annonceurs ont trop d'influence sur le contenu et la r√©mun√©ration, La plateforme n'est pas assez personnalisable",Non
6/9/2018 10:33:09,Un homme,Entre 18 et 25 ans,"Principalement spectateur, vous suivez des vid√©astes et regardez leurs vid√©os","Souvent, 2 √† 5 heures par semaines",Occasionnellement,"Twitch, YouTube",,Oui,6,Oui,Entre 5 et 10 ‚Ç¨,"Peu importe, je donne selon mes envies",Non,,"Oui, c'est un bon moyen pour r√©mun√©rer √† la fois le spectateur et le vid√©aste",Oui,Audience tr√®s large,,Peut √™tre
6/11/2018 19:38:00,Un homme,Entre 18 et 25 ans,"Principalement spectateur, vous suivez des vid√©astes et regardez leurs vid√©os","Souvent, 2 √† 5 heures par semaines",Jamais,,"La publicit√© leur suffit, ils n'ont pas besoin de mon argent",Oui,1,Non,0‚Ç¨,Je ne donne pas,Non,,"Oui, c'est un bon moyen pour r√©mun√©rer √† la fois le spectateur et le vid√©aste",Oui,"Audience tr√®s large, Fonctionnalit√©s nombreuses",,Non
6/16/2018 18:41:39,Un homme,Entre 15 et 18 ans,"Vid√©aste amateur, vous cr√©ez et diffusez r√©guli√®rement des vid√©os","Tr√®s souvent, plus de 3 heures par jours",Jamais,,"Rapidement, je ne trouve pas bcp de vid√©astes int√©rresants en 2018 et je n'ai pas beaucoup d'argent",Oui,3,Oui,Entre 1 et 5 ‚Ç¨,"Peu importe, je donne selon mes envies",Oui,"Mitig√©e : habitu√©e √† Youtube, je ressens mal les tr√®s contraignantes limitations de stockage mais je pense que c'est du en grande partie que √ßa vient de na√Ætre.","Oui, c'est un bon moyen pour r√©mun√©rer √† la fois le spectateur et le vid√©aste",Non,,Voir : http://urlz.fr/7flx ,Peut √™tre
6/19/2018 22:58:25,Un homme,Entre 18 et 25 ans,"Vid√©aste amateur, vous cr√©ez et diffusez r√©guli√®rement des vid√©os","Tr√®s souvent, plus de 3 heures par jours",Occasionnellement,Patreon,,Non,5,Peut-√™tre,Entre 5 et 10 ‚Ç¨,"Peu importe, je donne selon mes envies",Oui,"Bonne exp√©rience, performances et stabilit√©","Oui, c'est un bon moyen pour r√©mun√©rer √† la fois le spectateur et le vid√©aste",Oui,"Audience tr√®s large, Fonctionnalit√©s nombreuses",,Peut √™tre
7/3/2018 15:25:13,Un homme,Entre 15 et 18 ans,"Principalement spectateur, vous suivez des vid√©astes et regardez leurs vid√©os","Tr√®s souvent, plus de 3 heures par jours",Occasionnellement,"Tipeee, YouTube, Paypal",Je n'ai pas d'argent √† accorder aux donations,Oui,6,Peut-√™tre,Entre 1 et 5 ‚Ç¨,Les donations uniques,Oui,"Tr√®s bonne exp√©rience, performance, stabilit√© et des fonctionnalit√©s innovantes","Non, ces monnaies sont trop instables",Oui,"Mod√®le √©conomique stable, Audience tr√®s large, Fonctionnalit√©s nombreuses","Mon√©tisation instable, Les annonceurs ont trop d'influence sur le contenu et la r√©mun√©ration, La plateforme n'est pas assez personnalisable",Oui
7/26/2018 4:13:51,Un homme,Entre 25 et 35 ans,"Principalement spectateur, vous suivez des vid√©astes et regardez leurs vid√©os","Tr√®s souvent, plus de 3 heures par jours",Jamais,,Je n'ai pas d'argent √† accorder aux donations,Non,9,Oui,Entre 5 et 10 ‚Ç¨,"Peu importe, je donne selon mes envies",Oui,"Bonne exp√©rience, performances et stabilit√©",Je ne sais pas,Oui,"Mod√®le √©conomique stable, Audience tr√®s large, Fonctionnalit√©s nombreuses","Mon√©tisation instable, Les annonceurs ont trop d'influence sur le contenu et la r√©mun√©ration",Oui
3/25/2020 21:56:15,Un homme,Entre 18 et 25 ans,"Principalement spectateur, vous suivez des vid√©astes et regardez leurs vid√©os","Tr√®s souvent, plus de 3 heures par jours",Jamais,,Je n'ai pas d'argent √† accorder aux donations,Non,2,Non,0‚Ç¨,Je ne donne pas,Oui,"Tr√®s bonne exp√©rience, performance, stabilit√© et des fonctionnalit√©s innovantes",Non,Oui,Audience tr√®s large,"Mon√©tisation instable, Les annonceurs ont trop d'influence sur le contenu et la r√©mun√©ration, Augmentation de la censure, libert√© d'expression en perdition, Contenu inint√©ressant, trop de vid√©os cr√©√©es uniquement pour ""faire le buzz""",Non
3/25/2020 22:11:15,Une femme,Entre 18 et 25 ans,"Principalement spectateur, vous suivez des vid√©astes et regardez leurs vid√©os","Tr√®s souvent, plus de 3 heures par jours",Occasionnellement,Utip et tipeee,,Oui,6,Peut-√™tre,Entre 1 et 5 ‚Ç¨,"Peu importe, je donne selon mes envies",Oui,"Mauvais exp√©rience, mauvaises performances et stabilit√©",Non,Oui,Audience tr√®s large,,Non
3/25/2020 22:50:42,Un homme,Entre 18 et 25 ans,"Principalement spectateur, vous suivez des vid√©astes et regardez leurs vid√©os","Tr√®s souvent, plus de 3 heures par jours",Occasionnellement,"Twitch, Patreon, YouTube",,Oui,7,Peut-√™tre,Entre 1 et 5 ‚Ç¨,Les donations uniques,Non,,Je ne sais pas,Oui,"Audience tr√®s large, Monopole ",,Oui
3/25/2020 23:59:56,Une femme,Entre 25 et 35 ans,"Principalement spectateur, vous suivez des vid√©astes et regardez leurs vid√©os","Souvent, 2 √† 5 heures par semaines",Jamais,,Je n'ai pas d'argent √† accorder aux donations,Oui,7,Oui,Entre 1 et 5 ‚Ç¨,"Peu importe, je donne selon mes envies",Je ne sais pas ce que c'est,,Je ne sais pas,Oui,"Audience tr√®s large, Fonctionnalit√©s nombreuses",,Peut √™tre
3/26/2020 13:26:37,Une femme,Entre 25 et 35 ans,"Principalement spectateur, vous suivez des vid√©astes et regardez leurs vid√©os","Tr√®s souvent, plus de 3 heures par jours",Jamais,,"La publicit√© leur suffit, ils n'ont pas besoin de mon argent",Oui,2,Peut-√™tre,Entre 1 et 5 ‚Ç¨,Les donations r√©guli√®res (abonnements),Non,,Je ne sais pas,Oui,Algorithme de recommandation efficace,,Peut √™tre
3/26/2020 16:22:14,Un homme,Entre 18 et 25 ans,"Principalement spectateur, vous suivez des vid√©astes et regardez leurs vid√©os","Souvent, 2 √† 5 heures par semaines",Jamais,,Autre,Oui,5,Peut-√™tre,Entre 5 et 10 ‚Ç¨,"Peu importe, je donne selon mes envies",Non,,"Oui, c'est un bon moyen pour r√©mun√©rer √† la fois le spectateur et/ou le vid√©aste",Oui,"Audience tr√®s large, Fonctionnalit√©s nombreuses, Int√©gration simple sur des sites",,Non
3/26/2020 21:34:54,Un homme,Entre 18 et 25 ans,"Vid√©aste amateur, vous cr√©ez et diffusez r√©guli√®rement des vid√©os","Souvent, 2 √† 5 heures par semaines",Jamais,,Je n'ai pas trouv√© de contenu suffisamment int√©ressant pour donner de mon argent,Oui,8,Non,Entre 1 et 5 ‚Ç¨,Les donations uniques,Oui,"Bonne exp√©rience, performances et stabilit√©","Oui, c'est un bon moyen pour r√©mun√©rer √† la fois le spectateur et/ou le vid√©aste",Oui,Audience tr√®s large,La plateforme n'est pas assez personnalisable,Oui
3/26/2020 21:35:45,Une femme,Entre 18 et 25 ans,"Principalement spectateur, vous suivez des vid√©astes et regardez leurs vid√©os","Tr√®s souvent, plus de 3 heures par jours",Jamais,,Je n'ai pas d'argent √† accorder aux donations,Oui,3,Peut-√™tre,Entre 5 et 10 ‚Ç¨,Je ne donne pas,Je ne sais pas ce que c'est,,"Oui, c'est un bon moyen pour r√©mun√©rer √† la fois le spectateur et/ou le vid√©aste",Oui,"Audience tr√®s large, Fonctionnalit√©s nombreuses",,Oui
3/28/2020 11:31:08,Une femme,Entre 25 et 35 ans,"Principalement spectateur, vous suivez des vid√©astes et regardez leurs vid√©os","Souvent, 2 √† 5 heures par semaines",Jamais,,"La publicit√© leur suffit, ils n'ont pas besoin de mon argent",Oui,3,Non,0‚Ç¨,"Peu importe, je donne selon mes envies",Oui,"Bonne exp√©rience, performances et stabilit√©",Je ne sais pas,Non,,"Augmentation de la censure, libert√© d'expression en perdition, Contenu inint√©ressant, trop de vid√©os cr√©√©es uniquement pour ""faire le buzz""",Non
3/28/2020 19:39:49,Une femme,Entre 18 et 25 ans,"Principalement spectateur, vous suivez des vid√©astes et regardez leurs vid√©os","Occasionnellement, 1 √† 2 heures par semaines",Jamais,,Je n'ai pas d'argent √† accorder aux donations,Oui,2,Non,0‚Ç¨,"Peu importe, je donne selon mes envies",Je ne sais pas ce que c'est,,Je ne sais pas,Oui,"Audience tr√®s large, Fonctionnalit√©s nombreuses, Algorithme de recommandation efficace",,Oui